tool,variant,r_squared,pearson_r,spearman_r,compute_time_s,n_matched,n_obs,peak_memory_mb,segments_per_sec,mode
madina_worldpop,wp_r800_beta002_all,0.014787777633990138,-0.1216050066156412,-0.2421130652507481,35.04,185,185,621.3,902.9,drive
madina_worldpop,wp_r1200_beta002_all,0.018070400432655273,-0.13442618953409072,-0.2368558115442468,35.5,185,185,621.2,891.3,drive
madina_worldpop,wp_r1600_beta002_all,0.016794846904251117,-0.12959493394516292,-0.2516636527600643,35.85,185,185,621.2,882.8,drive
madina_worldpop,wp_r2000_beta002_all,0.015578674083110236,-0.12481455877865463,-0.2525586738807779,38.1,185,185,621.0,830.6,drive
madina_worldpop,wp_r1200_beta001_all,0.021554015867537482,-0.1468128600209719,-0.23632533512827192,36.18,185,185,621.2,874.7,drive
madina_worldpop,wp_r1600_beta001_all,0.016985074972582,-0.13032680066886473,-0.2439102117926307,36.77,185,185,620.5,860.5,drive
madina_worldpop,wp_r2000_beta002_closest,0.006743834772523988,-0.08212085467482659,-0.16735191659826523,36.76,185,185,622.2,860.9,drive
madina_worldpop,wp_r1200_beta002_nodecay,0.021345084660485722,-0.14609957104826057,-0.23025538736130732,36.7,185,185,621.3,862.3,drive
madina_worldpop,wp_r3000_beta002_all,,,,75.18,197,197,,,drive
